magasin_id,magasin_name,loyal_clients_count,total_loyalty_points
382,"Torres, White and York",172,10152.398999999996
3,"Bishop, Anderson and Lambert",145,7286.055000000006
21,"Jones, West and Collier",145,7286.055000000005
13,"Cruz, Mccarthy and Moore",145,7286.055000000004
44,Russell LLC,145,7286.055000000004
33,Wolf PLC,145,7286.055000000004
53,Knight Inc,145,7286.055000000004
20,Stewart Inc,145,7286.055000000004
6,Hall-Colon,145,7286.055000000003
35,Johnson-Levy,145,7286.055000000003
