client_id,total_points
EJ-13720,8050.614000000006
MH-17290,4935.899999999996
MD-17350,4760.391
MY-17380,4466.351999999999
KB-16315,3371.411999999999
BT-11395,2637.8220000000038
MJ-17740,2508.5760000000014
FC-14245,1533.2590000000007
TT-21460,1112.395999999999
DP-13000,868.8289999999995
