mois_nom,annee,total_points
July,2017,28649.616000000013
August,2017,7531.812000000011
September,2017,48822.15500000024
October,2017,33795.777999999984
November,2017,37964.83100000029
December,2017,54671.69199999993
